{"count":1,"self":191.7415552,"total":340.08137419999997,"children":{"InitializeActuators":{"count":4,"self":0.0020004,"total":0.0020004,"children":null},"InitializeSensors":{"count":4,"self":0.0015003999999999998,"total":0.0015003999999999998,"children":null},"AgentSendState":{"count":30611,"self":0.25441359999999996,"total":1.4184641999999998,"children":{"CollectObservations":{"count":24492,"self":0.6810297,"total":0.6810297,"children":null},"WriteActionMask":{"count":24492,"self":0.029525799999999998,"total":0.029525799999999998,"children":null},"RequestDecision":{"count":24492,"self":0.1162073,"total":0.4534951,"children":{"AgentInfo.ToProto":{"count":24492,"self":0.08412399999999999,"total":0.33728779999999997,"children":{"GenerateSensorData":{"count":24492,"self":0.2531638,"total":0.2531638,"children":null}}}}}}},"DecideAction":{"count":30611,"self":99.0320576,"total":99.0320601,"children":null},"AgentAct":{"count":30611,"self":47.883798399999996,"total":47.8852973,"children":{"AgentInfo.ToProto":{"count":120,"self":0.0004998,"total":0.0014996,"children":{"GenerateSensorData":{"count":120,"self":0.0009998,"total":0.0009998,"children":null}}}}}},"gauges":{"MoveToGoal.CumulativeReward":{"count":120,"max":27.8696842,"min":-49.1999168,"runningAverage":-13.1958637,"value":-1.523739,"weightedAverage":-12.2735081}},"metadata":{"timer_format_version":"0.1.0","start_time_seconds":"1698799935","unity_version":"2022.3.12f1","command_line_arguments":"C:\\Program Files\\Unity\\Hub\\Editor\\2022.3.12f1\\Editor\\Unity.exe -projectpath C:\\Users\\Steven\\Desktop\\Unity Games\\RL 474 -useHub -hubIPC -cloudEnvironment production -licensingIpc LicenseClient-Steven -hubSessionId 1303f8f3-aed1-4c20-b1be-13259bedf810 -accessToken ZZG81A40odMnsp_pHOCyjDMbvLblR-bgag6FcTNDICI003f","communication_protocol_version":"1.5.0","com.unity.ml-agents_version":"2.0.1","scene_name":"Obstacles 1","end_time_seconds":"1698800275"}}