{"count":1,"self":28.506227199999998,"total":351.21102179999997,"children":{"InitializeActuators":{"count":10,"self":0.0020011,"total":0.0020011,"children":null},"InitializeSensors":{"count":10,"self":0.0020003,"total":0.0020003,"children":null},"AgentSendState":{"count":58017,"self":1.0556703,"total":23.6633937,"children":{"CollectObservations":{"count":290090,"self":17.5835184,"total":17.5835182,"children":null},"WriteActionMask":{"count":290090,"self":0.18216259999999998,"total":0.18216259999999998,"children":null},"RequestDecision":{"count":290090,"self":0.73987799999999992,"total":4.8420426,"children":{"AgentInfo.ToProto":{"count":290090,"self":0.7139395,"total":4.1021646,"children":{"GenerateSensorData":{"count":290090,"self":3.3882252,"total":3.3882250999999997,"children":null}}}}}}},"DecideAction":{"count":58017,"self":296.08317439999996,"total":296.08317339999996,"children":null},"AgentAct":{"count":58017,"self":2.9309087999999996,"total":2.9314081,"children":{"AgentInfo.ToProto":{"count":20,"self":0,"total":0.0004994,"children":{"GenerateSensorData":{"count":20,"self":0.0004994,"total":0.0004994,"children":null}}}}},"AgentInfo.ToProto":{"count":937,"self":0.0068143,"total":0.021818499999999998,"children":{"GenerateSensorData":{"count":937,"self":0.015004199999999999,"total":0.015004199999999999,"children":null}}}},"gauges":{"MoveToGoal.CumulativeReward":{"count":957,"max":154.38266,"min":-16621.8555,"runningAverage":-487.602142,"value":-1021.94226,"weightedAverage":-1094.76868}},"metadata":{"timer_format_version":"0.1.0","start_time_seconds":"1698619185","unity_version":"2022.3.11f1","command_line_arguments":"C:\\Program Files\\Unity\\Hub\\Editor\\2022.3.11f1\\Editor\\Unity.exe -projectpath C:\\Users\\Steven\\Desktop\\Unity Games\\RL 474 -useHub -hubIPC -cloudEnvironment production -licensingIpc LicenseClient-Steven -hubSessionId 3637e353-8404-4662-afb0-f3173aa28ccd","communication_protocol_version":"1.5.0","com.unity.ml-agents_version":"2.0.1","scene_name":"TestMap","end_time_seconds":"1698619536"}}